Workbook

Sheet Task Cost Estimation
A1: Final Year Project Portal — Task Cost Estimation
A2: Note: 1 Day = 8 Standard Hours
A4: Task Name | B4: Days | C4: Standard Hours/Day | D4: Estimated Hours | E4: Rate/Hour (PKR) | F4: Total Cost (PKR)
A5: Project Initiation | B5: 28 | C5: 8 | D5: =B5*C5 -> 224 | E5: 4625 | F5: =D5*E5 -> 1036000
A6: Requirements & Planning | B6: 28 | C6: 8 | D6: =B6*C6 -> 224 | E6: 4250 | F6: =D6*E6 -> 952000
A7: System Design | B7: 14 | C7: 8 | D7: =B7*C7 -> 112 | E7: 1500 | F7: =D7*E7 -> 168000
A8: Development | B8: 84 | C8: 8 | D8: =B8*C8 -> 672 | E8: 791.67 | F8: =D8*E8 -> 532002.24
A9: Testing / Quality Assurance | B9: 21 | C9: 8 | D9: =B9*C9 -> 168 | E9: 2200 | F9: =D9*E9 -> 369600
A10: Deployment | B10: 14 | C10: 8 | D10: =B10*C10 -> 112 | E10: 2794.64 | F10: =D10*E10 -> 312999.68
A11: Project Closure | B11: 21 | C11: 8 | D11: =B11*C11 -> 168 | E11: 4500 | F11: =D11*E11 -> 756000
A12: TOTAL TASK COST | D12: =SUM(D5:D11) -> 1680 | F12: =SUM(F5:F11) -> 4126601.9

Sheet Resource Cost Estimation
A1: Final Year Project Portal — Resource Cost Estimation
A3: Resource Name | B3: Days Worked | C3: Hours/Day | D3: Total Hours Worked | E3: Rate/Hr (PKR) | F3: Total Pay (PKR)
A4: Project Manager | B4: 63 | C4: 8 | D4: =B4*C4 -> 504 | E4: 5000 | F4: =D4*E4 -> 2520000
A5: Team Lead | B5: 28 | C5: 8 | D5: =B5*C5 -> 224 | E5: 3500 | F5: =D5*E5 -> 784000
A6: UI/UX Designer | B6: 7 | C6: 8 | D6: =B6*C6 -> 56 | E6: 2000 | F6: =D6*E6 -> 112000
A7: Backend Developer | B7: 35 | C7: 8 | D7: =B7*C7 -> 280 | E7: 1000 | F7: =D7*E7 -> 280000
A8: Frontend Developer | B8: 7 | C8: 8 | D8: =B8*C8 -> 56 | E8: 2000 | F8: =D8*E8 -> 112000
A9: FullStack Developer | B9: 56 | C9: 8 | D9: =B9*C9 -> 448 | E9: 500 | F9: =D9*E9 -> 224000
A10: QA Engineer | B10: 14 | C10: 8 | D10: =B10*C10 -> 112 | E10: 800 | F10: =D10*E10 -> 89600
A11: Server (Hosting – Fixed Cost) | B11: - | C11: - | D11: - | E11: - | F11: 5000
A12: TOTAL RESOURCE COST | F12: =SUM(F4:F11) -> 4126600

Sheet Budget Summary
A1: Final Year Project Portal — Project Budget Summary
A3: Grand Total (Task Cost): | B3: ='Task Cost Estimation'!F12 -> 4126601.9
A4: Grand Total (Resource Cost): | B4: ='Resource Cost Estimation'!F12 -> 4126600
A5: Approved Budget: | B5: 2800000
A6: Status: | B6: =IF(B3>B5,"Over Budget","Within Budget") -> Over Budget
A9: Task | B9: Total Cost (PKR) | D9: Resource | E9: Total Pay (PKR)
A10: ='Task Cost Estimation'!A5 -> Project Initiation | B10: ='Task Cost Estimation'!F5 -> 1036000 | D10: ='Resource Cost Estimation'!A4 -> Project Manager | E10: ='Resource Cost Estimation'!F4 -> 2520000
A11: ='Task Cost Estimation'!A6 -> Requirements & Planning | B11: ='Task Cost Estimation'!F6 -> 952000 | D11: ='Resource Cost Estimation'!A5 -> Team Lead | E11: ='Resource Cost Estimation'!F5 -> 784000
A12: ='Task Cost Estimation'!A7 -> System Design | B12: ='Task Cost Estimation'!F7 -> 168000 | D12: ='Resource Cost Estimation'!A6 -> UI/UX Designer | E12: ='Resource Cost Estimation'!F6 -> 112000
A13: ='Task Cost Estimation'!A8 -> Development | B13: ='Task Cost Estimation'!F8 -> 532002.24 | D13: ='Resource Cost Estimation'!A7 -> Backend Developer | E13: ='Resource Cost Estimation'!F7 -> 280000
A14: ='Task Cost Estimation'!A9 -> Testing / Quality Assurance | B14: ='Task Cost Estimation'!F9 -> 369600 | D14: ='Resource Cost Estimation'!A8 -> Frontend Developer | E14: ='Resource Cost Estimation'!F8 -> 112000
A15: ='Task Cost Estimation'!A10 -> Deployment | B15: ='Task Cost Estimation'!F10 -> 312999.68 | D15: ='Resource Cost Estimation'!A9 -> FullStack Developer | E15: ='Resource Cost Estimation'!F9 -> 224000
A16: ='Task Cost Estimation'!A11 -> Project Closure | B16: ='Task Cost Estimation'!F11 -> 756000 | D16: ='Resource Cost Estimation'!A10 -> QA Engineer | E16: ='Resource Cost Estimation'!F10 -> 89600
D17: ='Resource Cost Estimation'!A11 -> Server (Hosting – Fixed Cost) | E17: ='Resource Cost Estimation'!F11 -> 5000
